cell_id,library,cell_bc,clone_id,umi_count,bc_length,CARLIN_length,read,max_read_ratio,method_x,method_y
test_CGACTGGA,test,CGACTGGA,CGCCGGACTGCACGACAGTCGATGGGAGCT,1.0,30.0,30.0,3.0,1.0,SW,
test_GACTAGTA,test,GACTAGTA,CGCCGGACTGCACGACAGTCGATGGGAGCT,26.0,30.0,30.0,531.0,1.0,SW,CARLIN_pipeline
test_GTCTGTCA,test,GTCTGTCA,CGCCGGACTGCACGACAGTCGATGGGAGCT,24.0,30.0,30.0,311.0,1.0,SW,CARLIN_pipeline
test_GCGAGTAA,test,GCGAGTAA,CGCCGGAGTCGATACGTAGCACGCAGATTCGATGGGAGCT,19.0,40.0,40.0,392.0,1.0,SW,CARLIN_pipeline
test_TCTTCACA,test,TCTTCACA,CGCCGGACTGCACGACACGCGATGGAGTCGAGTCGAGACGCTGACGAACGATGGGAGCT,20.0,59.0,59.0,916.0,1.0,SW,CARLIN_pipeline
test_CCAGTTCA,test,CCAGTTCA,CGCCGGACTGCACGACAGTCGATGTAGTCGATGGAGTCGACTACAGTCGCTACGACCGATGGGAGCT,2.0,67.0,67.0,41.0,1.0,SW,
test_CAAGGAGC,test,CAAGGAGC,CGCCGGACTGCACGACGATGGAGTCGACACGACTCGCGCATACTATGGAGTCGCGACTGTACGCACACGCACGATGGGAGCT,18.0,82.0,82.0,135.0,1.0,SW,CARLIN_pipeline
test_ATCCTGTA,test,ATCCTGTA,CGCCGGACTGCACGACGATGGAGTCGACACGACTCGCGCATAGATATGGAGTCGATACGTAGCACGCAGAGCGATGGGAGCT,9.0,82.0,82.0,272.0,1.0,SW,CARLIN_pipeline
test_GATAGACA,test,GATAGACA,CGCCGGACTGCACGACGATGGAGTCGACTACAGTCGCTACGATGGAGTGGAGTCGATACGTAGCACGCAGAGCGATGGGAGCT,70.0,83.0,83.0,2427.0,1.0,SW,CARLIN_pipeline
test_TTCACGCA,test,TTCACGCA,CGCCGGACTGCACGACAGTCGAGACGTGTGCGTACAGTCGCGACTCCATAGTATGCGCGAGTCGTGTCGACTCCATCGCGATGGGAGCT,1.0,89.0,89.0,5.0,1.0,SW,CARLIN_pipeline
test_TCCGTCTA,test,TCCGTCTA,CGCCGGACTGCACGACAGTCGAGCGATGGAGTCGCGAGCGCTATGAGCGAGACTATGGAGTCGATACGATACGCGCACGGCTATGGAGTCGAGAGCGCGCTCGTCGACGATGGGAGCT,7.0,118.0,118.0,46.0,1.0,SW,CARLIN_pipeline
test_ACAAGCTA,test,ACAAGCTA,CGCCGGACTGCACGACAGTCGATCTGCGTGCTACGTATCGACTCCATGGAGTCGCGTCTCGACTCGACTCCATCGCCCGTGTACGCATACTATCGACTCCATCGCGATGGAGTCGACTGCACGACAGTCGAGCGATGGAGTCGATACGTAGCACGCAGAGGCGATGGGAGCT,1.0,172.0,172.0,3.0,1.0,SW,
test_TGGCTTCA,test,TGGCTTCA,CGCCGGACTGCACGACAGTCGAACGATGGAGTCGACACGACTCGCGCATATCGATGGAGTCGACTACAGTCGCTACGAGCCGATGGAGTCGCGAGCGCTATGAGCCGATACGATACGCGCTATGGAGTCGATACGATACGCGCACGACTATGGAGTCGAGAGCGCGCTCGTCGATCGATGGGAGCT,34.0,186.0,186.0,280.0,1.0,SW,CARLIN_pipeline
test_ATGCCTAA,test,ATGCCTAA,CGCCGGACTGCACGACAGTCGAACGATGGAGTCGCGAGCGCTATGAGCGAGCTATGGAGTCGATACGATACGCGCACGTCGACCTATGGAGTCGCGACTGTACGCACACGCCGATGGAGTCGATAGTATGCGTACACGCCGATGGAGTCGAGTCGAGACGCTGACGAGATATGGAGTCGATACGTAGCACGCAGAGGCGATGGGAGCT,3.0,208.0,208.0,203.0,1.0,SW,CARLIN_pipeline
test_GTCGTAGA,test,GTCGTAGA,CGCCGGACTGCACGACAGTCGAACGATGGAGTCGCGAGCGCTATGAGCGAGCTATGGAGTCGATACGATACGCGCACGTCGACCTATGGAGTCGCGACTGTACGCACACGCCGATGGAGTCGATAGTATGCGTACACGCCGATGGAGTCGAGTCGAGACGCTGACGAGATATGGAGTCGATACGTAGCACGCAGAGGCGATGGGAGCT,8.0,208.0,208.0,154.0,1.0,SW,CARLIN_pipeline
test_TAGGATGA,test,TAGGATGA,CGCCGGACTGCACGACGATGGAGTCGACACGACTCGCGCATACGATGGAGTCGACTACAGTCGCTACGACGATGGAGTCGCGAGCGCTATGAGCGACTATGGAGTCGATACGATACGCGCACGCTATGGAGTCGAGAGCGCGCTCGTCGACTATGGAGTCGCGACTGTACGCACACGCGATGGAGTCGATAGTATGCGTACACGCGATGGAGTCGAGTCGAGACGCTGACGATATGGAGTCGATACGTAGCACGCAGACGATGGGAGCT,4.0,269.0,269.0,77.0,1.0,SW,CARLIN_pipeline
test_CGAACTTA,,CGAACTTA,CGCCGGACTGCACGACAGTCGAAACTATGGAGTCGATACGATACACGCAGACGATGGGAGCT,,,62.0,5.0,,,CARLIN_pipeline
